criar;1000;Davi
criar;1001;Quintino
criar;1002;Heitor
criar;1003;Tânia
criar;1004;Rogério
criar;1005;Gabriel
criar;1006;Yuri
criar;1007;Wanda
criar;1008;Vitor
criar;1009;Vitor
criar;1010;Yasmin
criar;1011;Isabela
criar;1012;Fernanda
criar;1013;Zeca
criar;1014;Rogério
criar;1015;Heitor
criar;1016;Patrícia
criar;1017;Giovana
criar;1018;Valéria
criar;1019;Xavier
criar;2000;Helena
criar;2001;Douglas
criar;2002;Milena
criar;2003;Fernanda
criar;2004;Cristina
criar;2005;Karen
criar;2006;Kleber
criar;2007;Elisa
criar;2008;Kleber
criar;2009;Elisa
criar;2010;Karen
criar;2011;Davi
criar;2012;Natalia
criar;2013;Xavier
criar;2014;Karen
criar;2015;Leandro
criar;2016;Xênia
criar;2017;Davi
criar;2018;Breno
criar;2019;Giovana
criar;3000;Douglas
criar;3001;Bruno
criar;3002;William
criar;3003;Gabriel
criar;3004;Milena
criar;3005;Yasmin
criar;3006;Gabriel
criar;3007;Nicolas
criar;3008;Breno
criar;3009;Wanda
criar;3010;Douglas
criar;3011;Kleber
criar;3012;Simone
criar;3013;Elisa
criar;3014;Zuleica
criar;3015;Davi
criar;3016;Zuleica
criar;3017;Ursula
criar;3018;André
criar;3019;Ubirajara
